{
    "total_runtime": 659.7014708518982,
    "num_documents": 1,
    "input_load_time": 0,
    "workflows": {
        "create_base_text_units": {
            "overall": 0.36191892623901367,
            "0_orderby": 0.004183053970336914,
            "1_zip": 0.0026502609252929688,
            "2_aggregate_override": 0.00475311279296875,
            "3_chunk": 0.2934882640838623,
            "4_select": 0.0039980411529541016,
            "5_unroll": 0.0052258968353271484,
            "6_rename": 0.0027048587799072266,
            "7_genid": 0.022857189178466797,
            "8_unzip": 0.0034482479095458984,
            "9_copy": 0.002542734146118164,
            "10_filter": 0.014744043350219727
        },
        "create_base_extracted_entities": {
            "overall": 257.75712418556213,
            "0_entity_extract": 257.42450308799744,
            "1_merge_graphs": 0.3295152187347412
        },
        "create_summarized_entities": {
            "overall": 94.22936701774597,
            "0_summarize_descriptions": 94.22625303268433
        },
        "create_base_entity_graph": {
            "overall": 1.251389980316162,
            "0_cluster_graph": 1.2439911365509033,
            "1_select": 0.0039179325103759766
        },
        "create_final_entities": {
            "overall": 5.382138013839722,
            "0_unpack_graph": 0.5569159984588623,
            "1_rename": 0.004395961761474609,
            "2_select": 0.004602193832397461,
            "3_dedupe": 0.006569862365722656,
            "4_rename": 0.005182027816772461,
            "5_filter": 0.02108907699584961,
            "6_text_split": 0.02019214630126953,
            "7_drop": 0.005742073059082031,
            "8_merge": 0.15248990058898926,
            "9_text_embed": 4.563661813735962,
            "10_drop": 0.009246826171875,
            "11_filter": 0.028058767318725586
        },
        "create_final_nodes": {
            "overall": 3.5615928173065186,
            "0_layout_graph": 1.9938538074493408,
            "1_unpack_graph": 0.7212772369384766,
            "2_unpack_graph": 0.7165651321411133,
            "3_drop": 0.006738185882568359,
            "4_filter": 0.05071401596069336,
            "5_select": 0.006907939910888672,
            "6_rename": 0.006411075592041016,
            "7_convert": 0.026712894439697266,
            "8_join": 0.017966032028198242,
            "9_rename": 0.008591890335083008
        },
        "create_final_communities": {
            "overall": 2.477231025695801,
            "0_unpack_graph": 0.5796329975128174,
            "1_unpack_graph": 0.5848827362060547,
            "2_aggregate_override": 0.012275934219360352,
            "3_join": 0.06337714195251465,
            "4_join": 0.07145905494689941,
            "5_concat": 0.012833118438720703,
            "6_filter": 0.9047060012817383,
            "7_aggregate_override": 0.1307220458984375,
            "8_join": 0.011786937713623047,
            "9_filter": 0.025479793548583984,
            "10_fill": 0.008655309677124023,
            "11_merge": 0.04386305809020996,
            "12_copy": 0.009151458740234375,
            "13_select": 0.009294748306274414
        },
        "join_text_units_to_entity_ids": {
            "overall": 0.062085866928100586,
            "0_select": 0.009779930114746094,
            "1_unroll": 0.011703968048095703,
            "2_aggregate_override": 0.03164100646972656
        },
        "create_final_relationships": {
            "overall": 0.816735029220581,
            "0_unpack_graph": 0.5939898490905762,
            "1_filter": 0.05793499946594238,
            "2_rename": 0.011476278305053711,
            "3_filter": 0.08296704292297363,
            "4_drop": 0.010838031768798828,
            "5_compute_edge_combined_degree": 0.014191150665283203,
            "6_convert": 0.02326512336730957,
            "7_convert": 0.01215505599975586
        },
        "join_text_units_to_relationship_ids": {
            "overall": 0.0794980525970459,
            "0_select": 0.01120305061340332,
            "1_unroll": 0.012778043746948242,
            "2_aggregate_override": 0.032523155212402344,
            "3_select": 0.01190495491027832
        },
        "create_final_community_reports": {
            "overall": 291.1169331073761,
            "0_prepare_community_reports_nodes": 0.06544899940490723,
            "1_prepare_community_reports_edges": 0.03612518310546875,
            "2_restore_community_hierarchy": 0.04621100425720215,
            "3_prepare_community_reports": 1.2474241256713867,
            "4_create_community_reports": 289.6784520149231,
            "5_window": 0.030781984329223633
        },
        "create_final_text_units": {
            "overall": 0.10422229766845703,
            "0_select": 0.012665271759033203,
            "1_rename": 0.01332998275756836,
            "2_join": 0.016844987869262695,
            "3_join": 0.016992807388305664,
            "4_aggregate_override": 0.017681121826171875,
            "5_select": 0.014057397842407227
        },
        "create_base_documents": {
            "overall": 0.1571638584136963,
            "0_unroll": 0.015679121017456055,
            "1_select": 0.01450967788696289,
            "2_rename": 0.015265941619873047,
            "3_join": 0.018243789672851562,
            "4_aggregate_override": 0.0156710147857666,
            "5_join": 0.018915891647338867,
            "6_rename": 0.015455961227416992,
            "7_convert": 0.0300137996673584
        },
        "create_final_documents": {
            "overall": 0.030020952224731445,
            "0_rename": 0.01528620719909668
        }
    }
}